parish,lat,lon,HeatLoad
"aldoar, foz do douro e nevogilde",41.16046,-8.68526,0.84277
"aldoar, foz do douro e nevogilde",41.16496,-8.68530,0.83720
"aldoar, foz do douro e nevogilde",41.16946,-8.68534,0.80977
"aldoar, foz do douro e nevogilde",41.15599,-8.67927,0.85762
"aldoar, foz do douro e nevogilde",41.16049,-8.67930,0.83560
"aldoar, foz do douro e nevogilde",41.16499,-8.67934,0.82904
"aldoar, foz do douro e nevogilde",41.16949,-8.67938,0.81674
"aldoar, foz do douro e nevogilde",41.14701,-8.67324,0.80367
"aldoar, foz do douro e nevogilde",41.15151,-8.67327,0.84446
"aldoar, foz do douro e nevogilde",41.15602,-8.67331,0.83136
"aldoar, foz do douro e nevogilde",41.16052,-8.67335,0.83098
"aldoar, foz do douro e nevogilde",41.16502,-8.67338,0.83101
"aldoar, foz do douro e nevogilde",41.16952,-8.67342,0.83269
"aldoar, foz do douro e nevogilde",41.14704,-8.66728,0.81449
"aldoar, foz do douro e nevogilde",41.15154,-8.66732,0.85500
"aldoar, foz do douro e nevogilde",41.15604,-8.66735,0.86492
"aldoar, foz do douro e nevogilde",41.16055,-8.66739,0.87931
"aldoar, foz do douro e nevogilde",41.16505,-8.66743,0.86153
"aldoar, foz do douro e nevogilde",41.16955,-8.66746,0.86910
"aldoar, foz do douro e nevogilde",41.17405,-8.66750,0.87291
lordelo do ouro e massarelos,41.14707,-8.66132,0.82865
lordelo do ouro e massarelos,41.15157,-8.66136,0.85530
lordelo do ouro e massarelos,41.15607,-8.66140,0.87649
lordelo do ouro e massarelos,41.16057,-8.66143,0.86078
ramalde,41.16507,-8.66147,0.88409
"aldoar, foz do douro e nevogilde",41.16958,-8.66151,0.86291
ramalde,41.17408,-8.66154,0.87937
lordelo do ouro e massarelos,41.14709,-8.65537,0.83035
lordelo do ouro e massarelos,41.15160,-8.65540,0.89108
lordelo do ouro e massarelos,41.15610,-8.65544,0.85260
lordelo do ouro e massarelos,41.16060,-8.65548,0.88822
ramalde,41.16510,-8.65551,0.85841
ramalde,41.16960,-8.65555,0.84896
ramalde,41.17411,-8.65558,0.88123
lordelo do ouro e massarelos,41.14712,-8.64941,0.82618
lordelo do ouro e massarelos,41.15162,-8.64945,0.86020
lordelo do ouro e massarelos,41.15612,-8.64948,0.85550
lordelo do ouro e massarelos,41.16063,-8.64952,0.84883
ramalde,41.16513,-8.64955,0.86207
ramalde,41.16963,-8.64959,0.86427
ramalde,41.17413,-8.64963,0.87407
ramalde,41.17863,-8.64966,0.88756
lordelo do ouro e massarelos,41.14715,-8.64346,0.82416
lordelo do ouro e massarelos,41.15165,-8.64349,0.83878
lordelo do ouro e massarelos,41.15615,-8.64353,0.86363
ramalde,41.16065,-8.64356,0.89639
ramalde,41.16516,-8.64360,0.87135
ramalde,41.16966,-8.64363,0.85179
ramalde,41.17416,-8.64367,0.85686
ramalde,41.17866,-8.64370,0.85798
ramalde,41.18316,-8.64374,0.86744
lordelo do ouro e massarelos,41.15168,-8.63754,0.86884
lordelo do ouro e massarelos,41.15618,-8.63757,0.85495
lordelo do ouro e massarelos,41.16068,-8.63761,0.87495
ramalde,41.16518,-8.63764,0.86019
ramalde,41.16968,-8.63767,0.86855
ramalde,41.17419,-8.63771,0.87917
ramalde,41.17869,-8.63774,0.85189
lordelo do ouro e massarelos,41.14720,-8.63155,0.85261
lordelo do ouro e massarelos,41.15170,-8.63158,0.86163
lordelo do ouro e massarelos,41.15620,-8.63161,0.85986
"cedofeita, santo ildefonso, sé, miragaia, são nicolau e vitória",41.16071,-8.63165,0.87355
ramalde,41.16521,-8.63168,0.88163
ramalde,41.16971,-8.63172,0.92294
ramalde,41.17421,-8.63175,0.83705
ramalde,41.17871,-8.63178,0.85695
lordelo do ouro e massarelos,41.14723,-8.62559,0.87962
lordelo do ouro e massarelos,41.15173,-8.62562,0.86376
"cedofeita, santo ildefonso, sé, miragaia, são nicolau e vitória",41.15623,-8.62566,0.88380
"cedofeita, santo ildefonso, sé, miragaia, são nicolau e vitória",41.16073,-8.62569,0.86757
"cedofeita, santo ildefonso, sé, miragaia, são nicolau e vitória",41.16523,-8.62572,0.87050
ramalde,41.16974,-8.62576,0.85968
paranhos,41.17424,-8.62579,0.83677
ramalde,41.17874,-8.62583,0.84890
"cedofeita, santo ildefonso, sé, miragaia, são nicolau e vitória",41.14275,-8.61960,0.88222
"cedofeita, santo ildefonso, sé, miragaia, são nicolau e vitória",41.14725,-8.61963,1.00000
"cedofeita, santo ildefonso, sé, miragaia, são nicolau e vitória",41.15175,-8.61967,0.90116
"cedofeita, santo ildefonso, sé, miragaia, são nicolau e vitória",41.15625,-8.61970,0.90310
"cedofeita, santo ildefonso, sé, miragaia, são nicolau e vitória",41.16076,-8.61973,0.88443
"cedofeita, santo ildefonso, sé, miragaia, são nicolau e vitória",41.16526,-8.61977,0.88753
paranhos,41.16976,-8.61980,0.85907
paranhos,41.17426,-8.61983,0.84683
paranhos,41.17876,-8.61987,0.87662
"cedofeita, santo ildefonso, sé, miragaia, são nicolau e vitória",41.14277,-8.61365,0.87975
"cedofeita, santo ildefonso, sé, miragaia, são nicolau e vitória",41.14728,-8.61368,0.89878
"cedofeita, santo ildefonso, sé, miragaia, são nicolau e vitória",41.15178,-8.61371,0.87536
"cedofeita, santo ildefonso, sé, miragaia, são nicolau e vitória",41.15628,-8.61374,0.85703
"cedofeita, santo ildefonso, sé, miragaia, são nicolau e vitória",41.16078,-8.61378,0.87623
paranhos,41.16528,-8.61381,0.87764
paranhos,41.16979,-8.61384,0.85480
paranhos,41.17429,-8.61388,0.85349
paranhos,41.17879,-8.61391,0.85399
paranhos,41.18329,-8.61394,0.88106
"cedofeita, santo ildefonso, sé, miragaia, são nicolau e vitória",41.14280,-8.60769,0.86130
"cedofeita, santo ildefonso, sé, miragaia, são nicolau e vitória",41.14730,-8.60772,0.94511
"cedofeita, santo ildefonso, sé, miragaia, são nicolau e vitória",41.15180,-8.60775,0.88291
"cedofeita, santo ildefonso, sé, miragaia, são nicolau e vitória",41.15630,-8.60779,0.86025
"cedofeita, santo ildefonso, sé, miragaia, são nicolau e vitória",41.16081,-8.60782,0.89506
paranhos,41.16531,-8.60785,0.86796
paranhos,41.16981,-8.60788,0.84693
paranhos,41.17431,-8.60792,0.88917
paranhos,41.17881,-8.60795,0.88957
paranhos,41.18332,-8.60798,0.88135
bonfim,41.14282,-8.60173,0.84476
bonfim,41.14732,-8.60177,0.87358
bonfim,41.15183,-8.60180,0.86430
bonfim,41.15633,-8.60183,0.85119
bonfim,41.16083,-8.60186,0.86911
paranhos,41.16533,-8.60189,0.86718
paranhos,41.16983,-8.60193,0.88512
paranhos,41.17434,-8.60196,0.86404
paranhos,41.17884,-8.60199,0.87449
paranhos,41.18334,-8.60202,0.86360
bonfim,41.14285,-8.59578,0.87141
bonfim,41.14735,-8.59581,0.85671
bonfim,41.15185,-8.59584,0.87251
bonfim,41.15635,-8.59587,0.88686
bonfim,41.16085,-8.59591,0.86225
paranhos,41.16536,-8.59594,0.85827
paranhos,41.16986,-8.59597,0.85087
paranhos,41.17436,-8.59600,0.84192
paranhos,41.17886,-8.59603,0.91152
bonfim,41.14287,-8.58982,0.82334
bonfim,41.14737,-8.58985,0.85961
campanhã,41.15187,-8.58989,0.88880
campanhã,41.15638,-8.58992,0.84991
campanhã,41.16088,-8.58995,0.87167
bonfim,41.16538,-8.58998,0.84962
paranhos,41.16988,-8.59001,0.83721
paranhos,41.17438,-8.59004,0.86730
paranhos,41.17889,-8.59007,0.85880
campanhã,41.14289,-8.58387,0.83006
campanhã,41.14740,-8.58390,0.85751
campanhã,41.15190,-8.58393,0.88768
campanhã,41.15640,-8.58396,0.83857
campanhã,41.16090,-8.58399,0.88458
campanhã,41.16540,-8.58402,0.84893
campanhã,41.16991,-8.58405,0.84789
paranhos,41.17441,-8.58408,0.86653
paranhos,41.17891,-8.58411,0.83745
campanhã,41.14292,-8.57791,0.81821
campanhã,41.14742,-8.57794,0.83111
campanhã,41.15192,-8.57797,0.82794
campanhã,41.15642,-8.57800,0.83932
campanhã,41.16093,-8.57803,0.84238
campanhã,41.16543,-8.57806,0.85520
campanhã,41.16993,-8.57809,0.83206
campanhã,41.17443,-8.57813,0.84277
paranhos,41.17893,-8.57816,0.82008
campanhã,41.14294,-8.57196,0.80843
campanhã,41.14744,-8.57199,0.85939
campanhã,41.15194,-8.57202,0.84717
campanhã,41.15645,-8.57205,0.83013
campanhã,41.16095,-8.57208,0.84434
campanhã,41.16545,-8.57211,0.85621
campanhã,41.16995,-8.57214,0.83900
campanhã,41.17445,-8.57217,0.81216
paranhos,41.17896,-8.57220,0.83110
campanhã,41.14746,-8.56603,0.82194
campanhã,41.15197,-8.56606,0.91291
campanhã,41.15647,-8.56609,0.82815
campanhã,41.16097,-8.56612,0.84280
campanhã,41.16547,-8.56615,0.81923
campanhã,41.15199,-8.56010,0.82069
campanhã,41.15649,-8.56013,0.80874
