parish,lat,lon,EmgVuln
"aldoar, foz do douro e nevogilde",41.16046,-8.68526,0.99433
"aldoar, foz do douro e nevogilde",41.16496,-8.68530,0.99611
"aldoar, foz do douro e nevogilde",41.16946,-8.68534,1.00000
"aldoar, foz do douro e nevogilde",41.15599,-8.67927,0.96992
"aldoar, foz do douro e nevogilde",41.16049,-8.67930,0.96946
"aldoar, foz do douro e nevogilde",41.16499,-8.67934,0.97156
"aldoar, foz do douro e nevogilde",41.16949,-8.67938,0.97610
"aldoar, foz do douro e nevogilde",41.14701,-8.67324,0.95334
"aldoar, foz do douro e nevogilde",41.15151,-8.67327,0.94702
"aldoar, foz do douro e nevogilde",41.15602,-8.67331,0.94349
"aldoar, foz do douro e nevogilde",41.16052,-8.67335,0.94294
"aldoar, foz do douro e nevogilde",41.16502,-8.67338,0.94541
"aldoar, foz do douro e nevogilde",41.16952,-8.67342,0.95077
"aldoar, foz do douro e nevogilde",41.14704,-8.66728,0.92702
"aldoar, foz do douro e nevogilde",41.15154,-8.66732,0.91951
"aldoar, foz do douro e nevogilde",41.15604,-8.66735,0.91529
"aldoar, foz do douro e nevogilde",41.16055,-8.66739,0.91464
"aldoar, foz do douro e nevogilde",41.16505,-8.66743,0.91760
"aldoar, foz do douro e nevogilde",41.16955,-8.66746,0.92397
"aldoar, foz do douro e nevogilde",41.17405,-8.66750,0.93336
lordelo do ouro e massarelos,41.14707,-8.66132,0.89940
lordelo do ouro e massarelos,41.15157,-8.66136,0.89040
lordelo do ouro e massarelos,41.15607,-8.66140,0.88530
lordelo do ouro e massarelos,41.16057,-8.66143,0.88451
ramalde,41.16507,-8.66147,0.88809
"aldoar, foz do douro e nevogilde",41.16958,-8.66151,0.89576
ramalde,41.17408,-8.66154,0.90693
lordelo do ouro e massarelos,41.14709,-8.65537,0.87069
lordelo do ouro e massarelos,41.15160,-8.65540,0.85982
lordelo do ouro e massarelos,41.15610,-8.65544,0.85360
lordelo do ouro e massarelos,41.16060,-8.65548,0.85263
ramalde,41.16510,-8.65551,0.85701
ramalde,41.16960,-8.65555,0.86631
ramalde,41.17411,-8.65558,0.87970
lordelo do ouro e massarelos,41.14712,-8.64941,0.84139
lordelo do ouro e massarelos,41.15162,-8.64945,0.82818
lordelo do ouro e massarelos,41.15612,-8.64948,0.82054
lordelo do ouro e massarelos,41.16063,-8.64952,0.81934
ramalde,41.16513,-8.64955,0.82474
ramalde,41.16963,-8.64959,0.83609
ramalde,41.17413,-8.64963,0.85219
ramalde,41.17863,-8.64966,0.87166
lordelo do ouro e massarelos,41.14715,-8.64346,0.81241
lordelo do ouro e massarelos,41.15165,-8.64349,0.79637
lordelo do ouro e massarelos,41.15615,-8.64353,0.78695
ramalde,41.16065,-8.64356,0.78547
ramalde,41.16516,-8.64360,0.79215
ramalde,41.16966,-8.64363,0.80601
ramalde,41.17416,-8.64367,0.82532
ramalde,41.17866,-8.64370,0.84818
ramalde,41.18316,-8.64374,0.87295
lordelo do ouro e massarelos,41.15168,-8.63754,0.76603
lordelo do ouro e massarelos,41.15618,-8.63757,0.75452
lordelo do ouro e massarelos,41.16068,-8.63761,0.75270
ramalde,41.16518,-8.63764,0.76089
ramalde,41.16968,-8.63767,0.77766
ramalde,41.17419,-8.63771,0.80054
ramalde,41.17869,-8.63774,0.82700
lordelo do ouro e massarelos,41.14720,-8.63155,0.76234
lordelo do ouro e massarelos,41.15170,-8.63158,0.73980
lordelo do ouro e massarelos,41.15620,-8.63161,0.72611
"cedofeita, santo ildefonso, sé, miragaia, são nicolau e vitória",41.16071,-8.63165,0.72392
ramalde,41.16521,-8.63168,0.73371
ramalde,41.16971,-8.63172,0.75347
ramalde,41.17421,-8.63175,0.77987
ramalde,41.17871,-8.63178,0.80973
lordelo do ouro e massarelos,41.14723,-8.62559,0.74639
lordelo do ouro e massarelos,41.15173,-8.62562,0.72123
"cedofeita, santo ildefonso, sé, miragaia, são nicolau e vitória",41.15623,-8.62566,0.70573
"cedofeita, santo ildefonso, sé, miragaia, são nicolau e vitória",41.16073,-8.62569,0.70323
"cedofeita, santo ildefonso, sé, miragaia, são nicolau e vitória",41.16523,-8.62572,0.71436
ramalde,41.16974,-8.62576,0.73654
paranhos,41.17424,-8.62579,0.76569
ramalde,41.17874,-8.62583,0.79811
"cedofeita, santo ildefonso, sé, miragaia, são nicolau e vitória",41.14275,-8.61960,0.77189
"cedofeita, santo ildefonso, sé, miragaia, são nicolau e vitória",41.14725,-8.61963,0.74006
"cedofeita, santo ildefonso, sé, miragaia, são nicolau e vitória",41.15175,-8.61967,0.71377
"cedofeita, santo ildefonso, sé, miragaia, são nicolau e vitória",41.15625,-8.61970,0.69747
"cedofeita, santo ildefonso, sé, miragaia, são nicolau e vitória",41.16076,-8.61973,0.69483
"cedofeita, santo ildefonso, sé, miragaia, são nicolau e vitória",41.16526,-8.61977,0.70656
paranhos,41.16976,-8.61980,0.72979
paranhos,41.17426,-8.61983,0.76011
paranhos,41.17876,-8.61987,0.79359
"cedofeita, santo ildefonso, sé, miragaia, são nicolau e vitória",41.14277,-8.61365,0.77557
"cedofeita, santo ildefonso, sé, miragaia, são nicolau e vitória",41.14728,-8.61368,0.74455
"cedofeita, santo ildefonso, sé, miragaia, são nicolau e vitória",41.15178,-8.61371,0.71907
"cedofeita, santo ildefonso, sé, miragaia, são nicolau e vitória",41.15628,-8.61374,0.70334
"cedofeita, santo ildefonso, sé, miragaia, são nicolau e vitória",41.16078,-8.61378,0.70081
paranhos,41.16528,-8.61381,0.71211
paranhos,41.16979,-8.61384,0.73459
paranhos,41.17429,-8.61388,0.76407
paranhos,41.17879,-8.61391,0.79679
paranhos,41.18329,-8.61394,0.83022
"cedofeita, santo ildefonso, sé, miragaia, são nicolau e vitória",41.14280,-8.60769,0.78751
"cedofeita, santo ildefonso, sé, miragaia, são nicolau e vitória",41.14730,-8.60772,0.75900
"cedofeita, santo ildefonso, sé, miragaia, são nicolau e vitória",41.15180,-8.60775,0.73594
"cedofeita, santo ildefonso, sé, miragaia, são nicolau e vitória",41.15630,-8.60779,0.72189
"cedofeita, santo ildefonso, sé, miragaia, são nicolau e vitória",41.16081,-8.60782,0.71965
paranhos,41.16531,-8.60785,0.72970
paranhos,41.16981,-8.60788,0.74994
paranhos,41.17431,-8.60792,0.77689
paranhos,41.17881,-8.60795,0.80728
paranhos,41.18332,-8.60798,0.83874
bonfim,41.14282,-8.60173,0.80602
bonfim,41.14732,-8.60177,0.78095
bonfim,41.15183,-8.60180,0.76112
bonfim,41.15633,-8.60183,0.74923
bonfim,41.16083,-8.60186,0.74735
paranhos,41.16533,-8.60189,0.75582
paranhos,41.16983,-8.60193,0.77311
paranhos,41.17434,-8.60196,0.79662
paranhos,41.17884,-8.60199,0.82370
paranhos,41.18334,-8.60202,0.85230
bonfim,41.14285,-8.59578,0.82894
bonfim,41.14735,-8.59581,0.80753
bonfim,41.15185,-8.59584,0.79096
bonfim,41.15635,-8.59587,0.78121
bonfim,41.16085,-8.59591,0.77968
paranhos,41.16536,-8.59594,0.78660
paranhos,41.16986,-8.59597,0.80095
paranhos,41.17436,-8.59600,0.82086
paranhos,41.17886,-8.59603,0.84433
bonfim,41.14287,-8.58982,0.85433
bonfim,41.14737,-8.58985,0.83632
campanhã,41.15187,-8.58989,0.82266
campanhã,41.15638,-8.58992,0.81474
campanhã,41.16088,-8.58995,0.81351
bonfim,41.16538,-8.58998,0.81911
paranhos,41.16988,-8.59001,0.83086
paranhos,41.17438,-8.59004,0.84749
paranhos,41.17889,-8.59007,0.86751
campanhã,41.14289,-8.58387,0.88072
campanhã,41.14740,-8.58390,0.86565
campanhã,41.15190,-8.58393,0.85441
campanhã,41.15640,-8.58396,0.84798
campanhã,41.16090,-8.58399,0.84698
campanhã,41.16540,-8.58402,0.85152
campanhã,41.16991,-8.58405,0.86114
paranhos,41.17441,-8.58408,0.87496
paranhos,41.17891,-8.58411,0.89193
campanhã,41.14292,-8.57791,0.90714
campanhã,41.14742,-8.57794,0.89450
campanhã,41.15192,-8.57797,0.88521
campanhã,41.15642,-8.57800,0.87995
campanhã,41.16093,-8.57803,0.87913
campanhã,41.16543,-8.57806,0.88284
campanhã,41.16993,-8.57809,0.89076
campanhã,41.17443,-8.57813,0.90229
paranhos,41.17893,-8.57816,0.91666
campanhã,41.14294,-8.57196,0.93298
campanhã,41.14744,-8.57199,0.92234
campanhã,41.15194,-8.57202,0.91460
campanhã,41.15645,-8.57205,0.91025
campanhã,41.16095,-8.57208,0.90958
campanhã,41.16545,-8.57211,0.91263
campanhã,41.16995,-8.57214,0.91921
campanhã,41.17445,-8.57217,0.92888
paranhos,41.17896,-8.57220,0.94109
campanhã,41.14746,-8.56603,0.94889
campanhã,41.15197,-8.56606,0.94238
campanhã,41.15647,-8.56609,0.93875
campanhã,41.16097,-8.56612,0.93819
campanhã,41.16547,-8.56615,0.94074
campanhã,41.15199,-8.56010,0.96855
campanhã,41.15649,-8.56013,0.96548
